"field_formulation_number	",title,"field_formulation_name	",body,field_formulation_industry,field_industry_of_formula,field_formulationbenefits,field_formula_composition,Typical Physical Properties,field_formulation_file,,,,
配方编号(唯一),配方名称,配方名称（显示）,配方描述,行业 (关联ID),产业,配方优点,配方组成,配方性能,配方文件 （留空）,,,,
EDR_Joncryl 8224_wood_1,Joncryl® 8224 木器高光清漆面漆,,,2,,,Joncryl® 8224;丙烯酸分散体;0.75#Hydropalat® WE 3322;润湿剂 ;0.004#FoamStar® SI 2280;消泡剂;0.001#去离子水;;0.194#DPM;成膜助剂;0.016#DPnB;成膜助剂;0.02#Rheovis® PU 1191;1:1 用水稀释;0.01#DMEA;pH 调节剂;0.005#总计;;1,,,,,,
EDR_Joncryl 8227_wood_1,Joncryl® 8227 木器封闭清漆,,,2,,,Joncryl® 8227;丙烯酸分散体;0.75#FoamStar® SI 2280;消泡剂;0.001#Hydropalat® WE 3220;润湿剂 ;0.005#二丙二醇甲醚 DPM;成膜助剂;0.009#二丙二醇丁醚（DPnB）;成膜助剂;0.036#Rheovis® PU 1191;流变改性剂 (1:1 水稀释);0.003#去离子水;;0.196#总计;;1,,,,,,
EDR_Joncryl 9503 ap_wood_1,Joncryl® 9503 ap 木器半光面漆清漆,,,2,,,Joncryl® 9503 ap;丙烯酸分散体;0.9#二乙二醇丁醚;成膜助剂;0.05#Rheovis® PU 1250;流变改性剂（1:1兑水稀释）;0.002#Efka® SL 3034;滑爽及流平剂;0.002#氨水25%;pH调节剂 ;0.002#去离子水;;0.044#总计;   ;1,,,,,,
EDR_Joncryl 9503 ap_wood_2,Joncryl® 9503 ap 木器哑光白色面漆,,,2,,,"Joncryl® 9503 ap;丙烯酸分散体;0.3#Joncryl® HPD 296;丙烯酸树脂溶液;0.01#FoamStar® SI 2280;消泡剂 ;0.004#Kronos® 2300;钛白，Kronos International;0.19#多功能助剂;;0.01#研磨至 30µm;;#Joncryl® 9503 ap;丙烯酸分散体;0.4#二乙二醇丁醚;成膜助剂
;0.05#Rheovis® PU 1250;流变改性剂（1:1兑水稀释）;0.002#Efka® SL 3034;滑爽及流平剂;0.002#氨水 25%;pH调节剂 ;0.002#聚乙烯蜡;;0.02#去离子水;;0.01#总计;;1",,,,,,
EDR_Joncryl 9503 ap_wood_3,Joncryl® 9503 ap 木器半光白色面漆,,,2,,,"Joncryl® 9503 ap;丙烯酸分散体;0.3#Joncryl® HPD 296;丙烯酸树脂溶液;0.01#FoamStar® SI 2280;消泡剂 ;0.004# Kronos® 2300;钛白，Kronos International;0.19#研磨至 30µm;;#Joncryl® 9503 ap;丙烯酸分散体;0.4#二乙二醇丁醚;成膜助剂
;0.05#Rheovis® PU 1250;流变改性剂（1:1兑水稀释）;0.002#Efka® SL 3034;滑爽及流平剂;0.002#氨水 25%;pH调节剂 ;0.002#聚乙烯蜡;;0.02#去离子水;;0.02#总计;;1",,,,,,
EDR_Joncryl HYB 6345 ap_wood_1,Joncryl® HYB 6345 ap 木器高光清漆面漆,,,2,,,Joncryl® HYB 6345 ap;聚氨酯丙烯酸杂化分散体;0.82#FoamStar® SI 2280;消泡剂;0.003#二丙二醇丁醚（DPnB）;成膜助剂;0.06#乙二醇单丁醚(BCS);成膜助剂;0.005#去离子水;;0.045#Hydropalat® WE 3220;润湿剂 ;0.003#Rheovis® PU 1291;流变改性剂 ( 1：1兑水稀释）;0.01#去离子水;;0.054#总计;;1,,,,,,
EDR_Joncryl HYB 6345 ap_wood_2,Joncryl® HYB 6345 ap 木器哑光清漆面漆,,,2,,,去离子水;;0.05#FoamStar® SI 2280;消泡剂;0.003#二丙二醇丁醚（DPnB）;成膜助剂;0.06#乙二醇单丁醚(BG);成膜助剂;0.005#微粉蜡;;0.03#Hydropalat® WE 3220;润湿剂;0.003#Joncryl® HYB 6345 ap;聚氨酯丙烯酸杂化分散体;0.64#1000rpm×20min;;#Joncryl® HYB 6345 ap;聚氨酯丙烯酸杂化分散体;0.174#去离子水;;0.025#Rheovis® PU 1291;流变改性剂（1:1兑水稀释）;0.01#总计;;1,,,,,,
EDR_Joncryl 8330 ap_wood_1,Joncryl® 8330 ap 木器高光泽度清漆面漆,,,2,,,Joncryl® 8330 ap ;丙烯酸分散体;0.85#FoamStar® SI 2280;消泡剂;0.003#二丙二醇丁醚（DPnB）;成膜助剂;0.06#乙二醇单丁醚(BG);成膜助剂;0.005#去离子水;;0.045#Hydropalat® WE 3220;润湿剂;0.003#Rheovis® PU 1291;流变改性剂（1:1兑水稀释）;0.01#去离子水;;0.024#总计;;1,,,,,,
EDR_Luhydran S 938 ap_wood_1,Luhydran® S 938 ap 木器白色底漆,,,2,,,A组份;;#去离子水;;0.15#Dispex® AA 4141;分散剂;0.01#Hydropalat® WE 3650;润湿剂 ;0.004#FoamStar® SI 2280;消泡剂;0.01#BGA;成膜助剂 ;0.02#钛白 ;;0.06#1250目 滑石 ;;0.05#BS1250-硫酸钡;;0.05#3000-霞石粉;;0.28#调漆;;#Luhydran® S 938 ap;羟基丙烯酸;0.23#FoamStar® SI 2280;消泡剂;0.005#Rheovis® PU 1291;流变改性剂 ( 1：1兑水稀释）;0.003#DMEA;pH调节剂 ;0.002#DBGA;成膜助剂 ;0.007#去离子水;;0.119#总计;;1#B组份 (OH:NCO=1: 1);;#Basonat® HW 1180 PC;HDI 水性固化剂;0.055,,,,,,
EDR_Joncryl 1980_wood_1,Joncryl® 1980 木器清漆面漆,,,2,,,Joncryl® 1980;自交联丙烯酸树脂;0.8#FoamStar® SI 2280;消泡剂;0.001#二丙二醇丁醚（DPnB）;成膜助剂 ;0.03#二丙二醇甲醚 DPM;成膜助剂 ;0.03#DMEA;pH调节剂 ;0.009#去离子水;;0.125#Hydropalat® WE 3220;润湿剂 ;0.005#总计;;1,,,,,,
EDR_Joncryl 8111 ap_wood_1,Joncryl® 8111 ap 木器清漆底漆,,,2,,,Joncryl® 8111 ap;自交联丙烯酸树脂;0.85#FoamStar® SI 2280;消泡剂 ;0.001#Hydropalat® WE 3220;润湿剂;0.005#二乙二醇单丁醚DBG;成膜助剂 ;0.026#二丙二醇丁醚（DPnB）;成膜助剂 ;0.004#Rheovis® PU 1250;流变改性剂 ( 1：1兑水稀释）;0.01#去离子水;;0.104#总计;;1,,,,,,
EDR_Joncryl 8130 ap_wood_1,Joncryl® 8130 ap 木器高光清漆面漆,,,2,,,Joncryl® 8130 ap;丙烯酸树脂;0.8#Hydropalat® WE 3221;润湿剂;0.005#FoamStar® SI 2280;消泡剂 ;0.002#二丙二醇丁醚（DPnB）;成膜助剂 ;0.015#二丙二醇甲醚 DPM;成膜助剂 ;0.015#Rheovis® PU 1191;流变改性剂 ( 1：1兑水稀释）;0.02#去离子水;;0.143#总计;;1,,,,,,
EDR_Acronal PRO 780_industry_1,Acronal® PRO 780 工业防腐红底漆,,,6,,,Acronal® PRO 780;丙烯酸分散体;0.176#FoamStar® ST 2438;消泡剂 ;0.002#Hydropalat® WE 3322; 润湿剂;0.004#去离子水;;0.068#Hydropalat® WE 3425; 润湿剂;0.001#氨水 25%;pH调节剂 ;0.002#磷酸锌 ;;0.108#Talc;滑石;0.133#氧化铁红;;0.099#气相二氧化硅;;0.003#乙二醇丁醚;成膜助剂;0.024#Loxanol® CA 5308;成膜助剂;0.024#Acronal® PRO 780;丙烯酸分散体;0.314#FoamStar® ST 2438;消泡剂 ;0.001#氨水 25%;pH调节剂 ;0.012#Rheovis® PU 1191;流变改性剂( 1：1兑水稀释）;0.001#去离子水;;0.023#防闪锈助剂;;0.005#总量;;1,,,,,,
EDR_Acronal PRO 8977_industry_1,Acronal® PRO 8977 工业白色面漆,,,6,,,去离子水;;0.06#Dispex® Ultra PX 4575; 分散剂 ;0.005#Hydropalat® WE 3322; 润湿剂;0.002#FoamStar® SI 2280;消泡剂 ;0.001#钛白;;0.18#Acronal® PRO 8977;丙烯酸分散体;0.68#FoamStar® SI 2280;消泡剂 ;0.002#二丙二醇丁醚（DPnB）;成膜助剂;0.04#去离子水;;0.018#防闪锈助剂;;0.005#Hydropalat® WE 3221; 润湿剂;0.003#Rheovis® PU 1291;流变改性剂( 1：1兑水稀释）;0.004#总计;;1,,,,,,
EDR_Basonol PU 1035 W_auto_1,Basonol® PU 1035 W 汽车OEM底漆,,,10,,,"Talc(1250目);  滑石粉 1250目;0.06#1500目 CaCO3;重质碳酸钙 1500目;0.05#1500目 BaSO4;沉淀硫酸钡 1500目;0.06#钛白;;0.073#炭黑;;0.001#防沉剂;;0.002#Dispex® AA 4141;分散剂;0.004#去离子水;;0.106#FoamStar® ST 2400;消泡剂;0.001#调漆;;#Luwipal® 072;氨基树脂;0.039#Basonol® PU 1035 W;羟基脂肪族聚氨酯分散体;0.45#去离子水;;0.095#BDG, BDGA，etc;成膜助剂;0.021#FoamStar® ST 2400;消泡剂 ;0.005#Hydropalat® WE 3650;润湿剂;0.006#DMEA; pH调节剂，(1: 9兑水);0.007#Rheovis® AS 1130;流变改性剂（1: 2兑水）;0.02#总计;;1",,,,,,
EDR_Basonol PU 1035 W_auto_2,Basonol® PU 1035 W 汽车OEM实色白配方,,,10,,,钛白;;0.18#去离子水;;0.12#Dispex® Ultra PX 4575;分散剂;0.012#Hydropalat® WE 3650;润湿剂;0.003#FoamStar® ST 2400;消泡剂;0.003#防沉剂;;0.002#调漆;;#Luwipal® 072;氨基树脂;0.045#Basonol® PU 1035 W;羟基脂肪族聚氨酯分散体;0.376#去离子水;;0.14#二乙二醇丁醚，二乙二醇丁醚乙酸酯;成膜助剂;0.084#Hydropalat® WE 3650;润湿剂;0.003#FoamStar® ST 2400;消泡剂 ;0.003#DMEA; pH调节剂 (1：9兑水稀释);0.01#Rheovis® AS 1130;流变改性剂（1:2兑水稀释）;0.015#DMEA; pH调节剂 (1:9兑水稀释);0.004#总计;;1,,,,,,
EDR_Joncryl OH 8770 AP_wood_1,Joncryl® OH 8770 AP 木器清漆面漆,,,2,,,"组分A;;#Joncryl® OH 8770 AP;羟基丙烯酸;0.78#DMEA(1:1 water); pH调节剂;0.0024#Hydropalat® WE 3221;润湿剂;0.005#FoamStar® SI 2280;消泡剂 ;0.002#BDG;成膜助剂;0.07#Rheovis® PU 1191;流变改性剂（10%水溶液）;0.005#去离子水;;13.8 pars#总计;;1#组分B (OH:NCO=1:1.2);;#Basonat® HW 1180 PC;HDI水性固化剂，
可以用Covestro Bayhydur XP 2655替代;0.196#BDG;成膜助剂 ;0.04",,,,,,
EDR_Joncryl OH 8770 AP_wood_2,Joncryl® OH 8770 AP 木器白色面漆,,,2,,,研磨;;#去离子水;;0.029#Dispex® Ultra PX 4275;分散剂;0.01#FoamStar® SI 2280;消泡剂;0.001#钛白;;0.12#调漆;;#Joncryl® OH 8770 AP;羟基丙烯酸;0.84#总计;;1,,,,,,
EDR_Joncryl U 5168 X_auto_1,Joncryl® U 5168 X 汽车银色漆,,,10,,,乙二醇丁醚，丙二醇等;成膜助剂;0.06#Hydropalat® WE 3650;润湿剂;0.008#Dispex® Ultra FA 4425;分散剂;0.005#FoamStar® ST 2400;消泡剂 ;0.002# 去离子水;;0.319# 铝银浆;;0.084#10% DMEA溶液; pH调节剂;0.023#Joncryl® U 5168 X;聚氨酯分散体;0.385#Tinuvin® 1130;光稳定剂，（1:1BG稀释）;0.004#Rheovis® AS 1130;流变改性剂，（1：2兑水稀释）;0.035#铝粉定向助剂;;0.075#总计;;1,,,,,,
EDR_1170 B 980-B_auto_1,Basonol® HPE 1170 B和Joncryl® RPD 980-B的汽车高固配方,,,10,,,Joncryl® RPD 980-B;丙烯酸多元醇，可用Joncryl® 507替代;0.378#Joncryl® RPD 950-B;丙烯酸多元醇;0.05#Basonol® HPE 1170 B;含羟基官能团的超支化聚酯;0.06# 醋酸丁酯等;溶剂;0.23#Efka® FL 3770;增滑/流平剂  ;0.002#Tinuvin® 5151;光稳定剂;0.01#催干剂;;0.02#醋酸丁酯等;溶剂;0.047#Basonat® HI 2000 NG;HDI固化剂;0.203#总计;;1,,,,,,
EDR_950-B 980-B 507_auto_1,Joncryl® RPD 950-B和Joncryl® RPD 980-B或Joncryl® 507的汽车快干配方,,,10,,,Joncryl® RPD 950-B;丙烯酸多元醇;0.365#Joncryl® RPD 980-B;丙烯酸多元醇，可用Joncryl® 507替代;0.072#醋酸丁酯，二甲苯， PMA等;溶剂;0.418#Efka® FL 3770;增滑/流平剂  ;0.002#Tinuvin® 5151;光稳定剂;0.005#催干剂;;0.02#Basonat® HI 100 AP;HDI固化剂;11.8 pars #总计;;1,,,,,,
EDR_Joncryl OH 8314_industry_1,Joncryl® OH 8314 工业双组分水性DTM黑漆,,,6,,,组分 A _ 研磨;;#去离子水;;0.0493#FoamStar® SI 2280;消泡剂;0.0002#Hydropalat® WE 3321;润湿剂;0.0005#Dispex® Ultra PX 4275;分散剂;0.03#MA100;炭黑，Mitsubishi;0.02#组分 A _ 调漆;;#Joncryl® OH 8314;丙烯酸分散体;0.6#Hydropalat® WE 3321;润湿剂;0.004#FoamStar® SI 2280;润湿剂;0.002#Rheovis® PU 1291;流变助剂;0.001#Deionized water;去离子水;0.088#组分 B_ 预先混合（OH: NCO 1：1.5）;;#Basonat® HW 1180 PC;HDI 水性固化剂;0.153#BCS;成膜助剂;0.026#DPnB;成膜助剂;0.026#总计;;1,";固含;~40.6%#;成膜助剂含量(占树脂固含);~20%#;细度;≤15µm#;T4 Cup 粘度 （Sec）;38#;pH;8.3#;光泽(20º/60º);60/85#;铅笔硬度-7天;~HB #;活化期（25°C,粘度加倍);~3.5hr#;盐雾 结果 (干膜厚 80µm, CRS Q36);~ 500h",,,,,
EDR_Joncryl OH 8312 Basonat 2100_auto_1,Joncryl® OH 8312 汽车水性双组分聚氨酯哑光黑漆,,,10,,在不同的塑料基材（ABS / PC / ABS + PC）上具有出色的附着力;;#优异的耐化学性;;#良好的抗热震性和耐热性;;#良好的耐湿性;;,组分 A _ 研磨;;#去离子水;;0.142#FW 200 ;炭黑，ORION;0.03#FoamStar® SI 2250;消泡剂;0.001#Dispex® Ultra PX 4585;分散剂;0.027#组分 A _ 调漆;;#Joncryl® OH 8312;羟基分散体;0.624#FoamStar® SI 2280;消泡剂;0.004#Hydropalat® WE 3321;润湿剂;0.004#DMEA (50% in DW);胺中和剂;0.004#Syloid® ED 30;消光剂，GRACE;0.04#DPnB;成膜助剂;0.032#DPM;成膜助剂;0.008#去离子水;;0.084#总计;;1#组分 B_ 预先混合（OH: NCO 1：1.5）;;#Basonat HW 2100 CN;HDI 水性固化剂;0.182,;细度/μm;≤10#;pH;7.6#;粘度 (T-4 cup);17.1s#;活化期;~3 hours#;光泽 (20°/60°);0.8/7.3,,,,,
EDR_S 938 Basonat 1180_wood_1,Luhydran® S 938 ap 木器双组份哑光白色面漆,,,2,,,组分 A _ 研磨;将颜料分散至细度小于10µm;#Ti-Pure R-706;钛白，CHEMOURS;0.217#Hydropalat® WE 3321;润湿剂;0.0015#FoamStar® SI 2250;消泡剂 ;0.001#Dispex® Ultra PX 4275;分散剂;0.0145#去离子水;;0.076#组分 A _ 调漆;;#Luhydran® S 938 ap;羟基丙烯酸分散体  ;0.538#DMEA (1:1 DI water);胺中和剂;0.007#Efka® SL 3258;增滑/流平剂  ;0.0035#FoamStar® SI 2280;消泡剂;0.0035#乙二醇丁醚醋酸酯 （BGA）;助溶剂;0.042#二乙二醇丁醚醋酸酯 （BDGA）;助溶剂;0.017#Syloid® ED 30;哑粉，GRACE;0.0345#去离子水;;0.0445#DPnB;成膜助剂;0.026#总计;;1#组分 B_ 固化剂（OH:NCO  1:1）;;#Basonat® HW 1180 PC : BGA (5:1);HDI 水性固化剂;0.16,";PH;7.7#;活化期;~4 hours#;铅笔硬度;H#;光泽 @60º;9.8#;乙醇 (50%, 1小时);通过#;NaHCO3 (50g/L, 1小时);通过#;醋 (1小时);通过#;咖啡 (40g/L, 1小时);略微印迹#;红酒 （1小时）;通过#;绿茶 (8g/L, 1小时);通过#;耐水 (24小时);通过",,,,,
EDR_High solid solution_auto_1,ACE高固解决方案-实色黄配方,,,10,,可实现更低的 VOC 排放 ;;#快速干燥和固化 ;;#优异的光泽展现和流平特性;;#耐化学性好;;,研磨色浆部分;;#Joncryl® 911;丙烯酸多元醇;0.042#醋酸丁酯;溶剂;0.079#Efka® PX 4310;分散剂;0.017#Efka® PU 4015;分散剂;0.004#PY154;有机黄颜料;0.054#PY139;有机黄颜料;0.021#PY42 ;无机黄颜料;0.04#TiO2;钛白;0.043#调漆部分;;#Joncryl® 507;丙烯酸多元醇;0.05#Joncryl® RPD 980-B;丙烯酸多元醇;0.33#Efka® FL 3770;流平剂;0.001#Efka® FL 3741;流平剂;0.001#Efka® PB 2744;消泡剂;0.003#BYK 410;流变助剂，BYK;0.002#乙酸丁酯;溶剂;0.04#乙酰丙酮;溶剂;0.02#MIBK;溶剂;0.095#1% DBTDL;催干剂;0.005#固化剂 (OH: NCO 1:1.05 基于固含);;#Basonat® HI 100 ap;HDI 固化剂;0.153#总计;;1,"干膜厚度: ~ 55 - 60µm   (Tin板垂直喷涂);;#干燥: 闪干 @ RT for 20min + 70ºC*30min, 养护 @RT 7天;;#;;#;涂4杯 施工粘度;24秒#;施工固含;0.65#;活化期 (@ RT);~2 小时#;光泽 (20°/60°);89/92#;DOI;93#;干性 @RT : 不粘尘;1 小时#;干性 @RT : 实干;5 小时#;铅笔硬度 (7天@RT);B#;附着力;5B#;冲击;> 50 kg.cm#;杯突;>8 mm#;耐化性 0.05mol/L H2SO4 * 48 h;通过#;耐化性 0.1mol/L NaOH * 48h;通过#;耐油性 (SE 15W-40 oil, 48h);通过#;耐汽油 (92#/4h）;轻微起泡，
可恢复#;耐水性 (240h);通过",,,,,
EDR_Joncryl 8300 Luwipal 072_auto_1,Joncryl® 8300和Luwipal® 072的汽车红色单涂层配方,,,10,,,Irgazin® Red L3660HD;颜料 (PR254);0.113461538461538#Dispex® Ultra PX 4585;分散剂;0.0216346153846154#FoamStar® SI 2280;消泡剂;0.00144230769230769#去离子水;;0.148076923076923#将颜料分散至细度小于10µm;;#Joncryl® 8300;丙烯酸分散体;0.486538461538462#Butyl Glycol;成膜助剂;0.0336538461538462#DPnB;成膜助剂;0.0625#FoamStar® SI 2280;消泡剂;0.00480769230769231#Deionized water;;0.0144230769230769#Rheovis® PU 1191;增稠剂;0.000961538461538462#Rheovis® PU 1291;增稠剂;0.00480769230769231#Luwipal® 072;氨基树脂;0.0692307692307692#Tinuvin® 123-DW (N);光稳定剂;0.0384615384615385#总计;;1,;细度/μm;≤10#;光泽 (20°);91.3#;光泽 (60°);96.9#;耐候性（氙灯老化2000小时）ΔE ;2.6#;耐候性（氙灯老化2000小时）保光率  20º/60º;92% /99%,,,,,
EDR_Joncryl 8300 Luwipal 072_auto_2,Joncryl® 8300和Luwipal® 072的汽车白色单涂层配方,,,10,,,Ti-Pure R706;钛白，CHEMOURS;0.1875#Dispex® Ultra PX 4575;分散剂;0.0153846153846154#FoamStar® SI 2280;消泡剂;0.00134615384615385#Hydropalat® WE 3650;润湿剂;0.000576923076923077#去离子水;;0.0625#将颜料分散至细度小于10µm;;#Joncryl® 8300;丙烯酸分散体;0.486538461538462#Butyl Glycol;成膜助剂;0.0403846153846154#DPnB;成膜助剂;0.0605769230769231#FoamStar® SI 2280;消泡剂;0.00384615384615385#去离子水;;0.025#Rheovis® PU 1191;增稠剂;0.00240384615384615#Rheovis® PU 1291;增稠剂;0.00625#Luwipal® 072;氨基树脂;0.0692307692307692#Tinuvin® 9945-DW (N);光稳定剂;0.0144230769230769#Tinuvin® 123-DW (N);光稳定剂;0.0240384615384615#总计;;1,"（基于带电泳涂层的板材）;;#;;#;细度/μm;≤10#;光泽 (20°);81#;光泽 (60°);96#;附着力;通过#;铅笔硬度;H#;杯突;8mm#;冲击;> 50kg.cm#;耐化性 0.1 N NaOH;通过#;耐化性 0.1 H2SO4;通过#;耐化性 93#汽油;通过#;耐水性 (40ºC, 240h);通过#;湿度测试 (T47ºC, H96%, 240h);通过#;耐盐雾;> 1000hours#;耐候性（QUVA 2000小时）ΔE ;0.6#;耐候性（QUVA 2000小时）保光率  20º/60º;91% /104%",,,,,
EDG_Joncryl 586_1,Joncryl® 586 氨水溶液,,,5#9,,,Joncryl® 586;;0.25#正丙醇;;0.15#氨;;0.036#水;;0.564#总计;;1,,,,,,
EDG_Joncryl 586_2,Joncryl® 586 DMEA 溶液,,,5#9,,,Joncryl® 586;;0.25#DMEA;;0.035#水;;0.715#总计;;1,,,,,,
EDG_Joncryl 586_3,Joncryl® 586 耐碱/耐水光油,,,5#9,,,Joncryl® 586 溶液;;0.3#Joncryl® 537-E;;0.54#DEGBE;;0.04#PE 蜡乳液;;0.05#消泡剂;;0.005#水;;0.065#总计;;1,,,,,,
EDG_Joncryl 586_4,Joncryl® 586 耐碱色浆,,,5#9,,,Joncryl® 586 溶液;;0.4#有机颜料;;0.4#消泡剂;;0.005#水;;0.195#总计;;1,,,,,,
EDG_Joncryl 586_5,Joncryl® 586 耐碱/耐水油墨,,,5#9,,,Joncryl® 586 配置的耐碱色浆;;0.35#Joncryl® 586 溶液;;0.15#Joncryl® 537-E;;0.37#DEGBE;;0.025#PE 蜡乳液;;0.05#消泡剂;;0.005#水;;0.05#总计;;1,,,,,,
EDG_Joncryl 67_1,Joncryl® 67 树脂溶液色浆,,,5,,,Joncryl® 67;;0.3#有机颜料;;0.35#Dispex® Ultra PX 4585;;0.02#FoamStar® SI 2250;;0.005#水;;0.325#总计;;1,,,,,,
EDG_Joncryl 678_1,Joncryl® 678 溶液,,,5#9,,,Joncryl® 678;;0.32#氨水 25 %;;0.089#水;;0.591#总计;;1,,,,,,
EDG_Joncryl 678_2,Joncryl® 678  一般用途光油,,,5#9,,,Joncryl® 90;;0.625#Joncryl® 678 溶液;;0.265#Solvenon® DPM;;0.025#Hydropalat® WE 3475;;0.03#PE 蜡乳液;;0.05#FoamStar® SI 2201;;0.005#总计;;1,,,,,,
EDG_Joncryl 678_3,Joncryl® 678 色浆,,,5#9,,,Joncryl® 678 溶液;;0.34#有机颜料;;0.35#润湿剂;;0.03#FoamStar® SI 2211;;0.01#水;;0.27#总计;;1,,,,,,
EDG_Joncryl 678_4,Joncryl® 678 纸和纸板印刷油墨,,,5#9,,,色浆;;0.43#Joncryl® 678 溶液;;0.1#Joncryl® 77 ap;;0.4#FoamStar® SI 2213;;0.005#PE 蜡乳液;;0.055#水;;0.015#总计;;1,,,,,,
EDG_Joncryl 682_1,Joncryl® 682 中和溶液 ,,,9,,,Joncryl® 682;;0.43#25 %氨水;;0.13#水;;0.44#总计;;1,,,,,,
EDG_Joncryl 682_2,Joncryl® 682  一般用途光油 1,,,9,,,Joncryl® 8064;;0.72#Joncryl® 682 溶液;;0.18#润湿剂;;0.03#PE 蜡乳液;;0.05#消泡剂;;0.005#水;;0.015#总计;;1,,,,,,
EDG_Joncryl 682_3,Joncryl® 682  一般用途光油 2,,,9,,,Joncryl® 90 ap;;0.625#Joncryl® 682 溶液;;0.26#Solvenon® DPM;;0.02#润湿剂;;0.03#PE 蜡乳液;;0.05#消泡剂;;0.005#总计;;1,,,,,,
EDG_Joncryl 690_1,Joncryl® 690 中和溶液,,,5,,,Joncryl® 690;;0.3#25% 氨水;;0.08#水;;0.61#总计;;1,,,,,,
EDG_Joncryl 690_2,Joncryl® 690 色浆,,,5,,,Joncryl® 690;;0.3#有机颜料;;0.35#消泡剂;;0#水;;0.34#总计;;1,,,,,,
EDG_Joncryl 692_1,Joncryl® 692 树脂溶液,,,5,,,Joncryl® 692;;0.32#25.0-28.0%氨水;;0.1#水;;0.58#总计;;1,,,,,,
EDG_Joncryl 692_2,Joncryl® 692 色浆,,,5,,,Joncryl® 692树脂溶液;;0.3#有机颜料;;0.35#Dispex® Ultra PX 4585;;0.02#FoamStar® SI 2250;;0.003#水;;0.327#总计;;1,,,,,,
EDG_Joncryl 692_3,Joncryl® 692 纸和纸板用印刷油墨,,,5,,,色浆;;0.4#Joncryl® 692树脂溶液;;0.1#Joncryl® 631 ap;;0.4#FoamStar® SI 2292;;0.005#Joncryl® WAX 35;;0.04#水;;0.055#总计;;1,,,,,,
EDG_Joncryl ECO 684_1,Joncryl® ECO 684 溶液,,,5#9,,,Joncryl® ECO 684;;0.45#25% 氨水;;0.13#水;;0.41#总计;;1,,,,,,
EDG_Joncryl ECO 684_2,Joncryl® ECO 684 高光低VOC 光油 ,,,5#9,,,Joncryl® ECO 2189;;0.48#Joncryl® ECO 2177;;0.16#Joncryl® ECO 684 溶液;;0.3#PE 蜡乳液;;0.03#润湿剂;;0.03#总计;;1,,,,,,
EDG_Joncryl HPD 671_1,Joncryl® HPD 671 稀释光油,,,5#9,,,Joncryl® HPD 671;;0.257#氨水 25 %;;0.066#水;;0.677#总计;;1,,,,,,
EDG_Joncryl HPD 671_2,Joncryl® HPD 671 颜料分散,,,5#9,,,Joncryl® HPD 671;;0.31#有机颜料;;0.35#消泡剂;;0.005#水;;0.335#总计;;1,,,,,,
EDG_Joncryl HPD 696_1,Joncryl® HPD 696 溶液,,,5,,,Joncryl® HPD 696;;0.33#25.0-28.0% 氨水;;0.08#水;;0.58#总计;;1,,,,,,
EDG_Joncryl HPD 196_1,Joncryl® HPD 196 树脂溶液色浆,,,5,,,Joncryl® HPD 196 ;;0.247#有机颜料;;0.4#FoamStar® SI 2250;;0#水;;0.35#总计;;1,,,,,,
EDG_Joncryl HPD 196 MEA ap_1,Joncryl® HPD 196 MEA ap 树脂溶液色浆,,,5,,,Joncryl® HPD 196 MEA ap;;0.247#有机颜料;;0.4#FoamStar® SI 2250;;0#水;;0.35#总计;;1,,,,,,
EDG_Joncryl HPD 296_1,Joncryl® HPD 296 树脂溶液色浆,,,5,,,Joncryl® HPD 296;;0.227#有机颜料;;0.42#FoamStar® SI 2250;;0#水;;0.35#总计;;1,,,,,,
EDG_Joncryl HPD 296 MEA_1,Joncryl® HPD 296 MEA 色浆,,,5,,,Joncryl® HPD 296 MEA;;0.255#有机颜料;;0.45#消泡剂;;0#水;;0.29#总计;;1,,,,,,
EDG_Joncryl HPD 96_1,Joncryl® HPD 96 树脂溶液色浆,,,5,,,Joncryl® HPD 96 ;;0.3#有机颜料;;0.4#FoamStar® SI 2250;;0#水;;0.297#总计;;1,,,,,,
EDG_Joncryl HPD 96 MEA_1,Joncryl® HPD 96 MEA  树脂溶液色浆,,,5,,,Joncryl® HPD 96 MEA ;;0.3#有机颜料;;0.4#FoamStar® SI 2250;;0#水;;0.297#总计;;1,,,,,,
EDG_Joncryl 631 ap_1,Joncryl® 631 ap 瓦楞纸箱和牛皮纸用高遮盖性印刷油墨,,,5,,,Joncryl® 631 ap;;0.45#色浆;;0.38#Joncryl® 8078;;0.095#Joncryl® WAX 35;;0.05#Foamaster® MO 2190;;0.005#水;;0.02#总计;;1,,,,,,
EDG_Joncryl 7131_1,Joncryl® 7131 瓦楞纸和牛皮纸用印刷油墨,,,5,,,Joncryl® 7131;;0.45#色浆;;0.38#Joncryl® 8078;;0.095#Joncryl® WAX 35;;0.05#Foamaster® MO 2190;;0.005#水;;0.02#总计;;1,,,,,,
EDG_Joncryl 7159_1,Joncryl® 7159 纸和纸板凹印油墨,,,5,,,有机颜料;;0.25#Joncryl® 7159;;0.35#Dispex® Ultra PX 4585;;0.02#乙醇：水= 1：1;;0.38#Total ;;1,,,,,,
EDG_Joncryl 7169_1,Joncryl® 7169 纸和纸板用凹印油墨,,,5,,,有机颜料;;0.25#Joncryl® 7169;;0.35#乙醇：水= 1：1;;0.4#Total ;;1,,,,,,
EDG_Joncryl 7189_1,Joncryl® 7189 纸和纸板用印刷油墨,,,5,,,色浆;;0.35#Joncryl® 7189;;0.45#Joncryl® 77 ap;;0.1#Foamaster® MO 2190;;0#Joncryl® 8078;;0.05#水;;0.045#总计;;1,,,,,,
EDG_Joncryl 89 ap_1,Joncryl® 89 ap 纸和纸板用印刷油墨,,,5,,,色浆;;0.35#Joncryl® 89 ap;;0.45#Joncryl® 77 ap;;0.1#Foamaster® MO 2190;;0#Joncryl® 8078;;0.05#水;;0.045#总计;;1,,,,,,
EDG_Joncryl 90 ap_1,Joncryl® 90 ap 纸和纸板用的印刷光油,,,5#9,,,Joncryl® 90 ap;;0.5#Joncryl® 77 ap;;0.23#Joncryl® 8078;;0.2#Joncryl® WAX 26;;0.05#FoamStar® SI 2292;;0.003#水;;0.01#总计;;1,,,,,,
EDG_Joncryl ECO 2188_1,Joncryl® ECO 2188 纸和纸板印刷油墨,,,5,,,色浆;;0.35#Joncryl® 89 ap;;0.25#Joncryl® ECO 2188;;0.2#Joncryl® 77 ap;;0.1#Foamaster® MO 2190;;0#Joncryl® 8078;;0.05#水;;0.045#总计;;1,,,,,,
EDG_Joncryl LV 7601_1,Joncryl® LV 7601 纸和纸板印刷的光油,,,5,,,Joncryl® LV 7601;;0.5#Joncryl® LV 7602;;0.23#Joncryl® 8078;;0.2#Joncryl® WAX 26;;0.05#FoamStar® SI 2292;;0.003#水;;0.01#总计;;1,,,,,,
EDG_Joncryl 1685_1,Joncryl® 1685 纸和纸板印刷的光油,,,9,,,Joncryl® 90 ap;;0.5#Joncryl® 1685;;0.23#Joncryl® 8078;;0.2#Joncryl® WAX 26;;0.05#FoamStar® SI 2292;;0.003#水;;0.01#总计;;1,,,,,,
EDG_Joncryl 1695_1,Joncryl® 1695 纸和纸板的预印光油,,,9,,,Joncryl® 90 ap;;0.5#Joncryl® 1695;;0.23#Joncryl® 8078;;0.2#Joncryl® WAX 26;;0.05#FoamStar® SI 2292;;0.003#水;;0.01#总计;;1,,,,,,
EDG_Joncryl 2640_1,Joncryl® 2640 塑料薄膜用印刷油墨,,,5,,,色浆;;0.35#Joncryl® 2640;;0.48#Joncryl® 8078;;0.05#Joncryl® WAX 35;;0.05#水;;0.06#FoamStar® SI 2292;;0#Hydropalat® WE 3221;;0#总计;;1,,,,,,
EDG_Joncryl 624 ap_1,Joncryl® 624 ap PE薄膜纸和纸板的印刷油墨,,,5,,,Joncryl® 624 ap;;0.5#色浆;;0.35#Joncryl® 8078;;0.065#Joncryl® WAX 35;;0.03#Hydropalat® SL 3682;;0#Foamaster® SI 2190;;0.005#水;;0.04#总计;;1,,,,,,
EDG_Joncryl 7124_1,Joncryl® 7124 PE淋膜的纸和纸板的印刷油墨,,,5,,,色浆;;0.35#Joncryl® 7124;;0.48#Joncryl® 8078;;0.05#Joncryl® WAX 35;;0.05#水;;0.06#FoamStar® SI 2292;;0#Hydropalat® WE 3221;;0#总计;;1,,,,,,
EDG_Joncryl 7168_1,Joncryl® 7168 纸和纸板用凹版印刷油墨,,,5,,,有机颜料;;0.25#Joncryl® 7168;;0.35#Dispex® Ultra PX 4585;;0.02#乙醇：水= 1：1;;0.38#总计;;1,,,,,,
EDG_Joncryl 7301_1,Joncryl® 7301 纸和纸板印刷的光油,,,9,,,Joncryl® 7301;;0.5#Joncryl® 90 ap;;0.23#Joncryl® 8078;;0.2#Joncryl® WAX 26;;0.04#Hydropalat® SL 3682;;0#FoamStar® SI 2292;;0.003#水;;0.02#总计;;1,,,,,,
EDG_Joncryl 7306_1,Joncryl® 7306 溶液,,,5,,,Joncryl® 7306;;0.568#DPM;;0.02#Hydropalat® WE 3475;;0.005#FoamStar® SI 2292;;0.005#水;;0.402#总计;;1,,,,,,
EDG_Joncryl -C ap_1,Joncryl® 74-C ap 纸和纸板印刷的光油,,,9,,,Joncryl® 74-C ap;;0.55#Joncryl® LV 7601;;0.2#Joncryl® 8078;;0.12#Joncryl® WAX 26;;0.04#Hydropalat® SL 3682;;0#FoamStar® SI 2292;;0.003#水;;0.08#总计;;1,,,,,,
EDG_Joncryl 7603_1,Joncryl® 7603 纸和纸板印刷的光油,,,9,,,Joncryl® 7603;;0.5#Joncryl® 90 ap;;0.23#Joncryl® 8078;;0.2#Joncryl® WAX 26;;0.04#Hydropalat® SL 3682;;0#FoamStar® SI 2292;;0.003#水;;0.02#总计;;1,,,,,,
EDG_Joncryl 7607_1,Joncryl® 7607 纸和纸板印刷的预印光油,,,9,,,Joncryl® 7607;;0.6#Joncryl® 77 ap;;0.13#Joncryl® 8078;;0.2#Joncryl® WAX 26;;0.04#Hydropalat® SL 3682;;0#FoamStar® SI 2292;;0.003#水;;0.02#总计;;1,,,,,,
EDG_Joncryl 77 ap_1,Joncryl® 77 ap 纸和纸板印刷的光油,,,9,,,Joncryl® 77 ap;;0.5#Joncryl® 90 ap;;0.23#Joncryl® 8078;;0.2#Joncryl® WAX 26;;0.04#Hydropalat® SL 3682;;0#FoamStar® SI 2292;;0.003#水;;0.02#总计;;1,,,,,,
EDG_Joncryl 8052_1,Joncryl® 8052 柔版印刷油墨,,,5,,,色浆;;0.35#Joncryl® 8052;;0.555#PE 蜡乳液;;0.05#异丙醇;;0.04#消泡剂;;0.005#总计;;1,,,,,,
EDG_Joncryl ECO 2124-E_1,Joncryl® ECO 2124-E 纸和纸板的阻隔涂层,,,3,,,Joncryl® ECO 2124-E;;0.89#水;;0.1#FoamStar® SI 2292;;0.005#Hydropalat® WE 3475;;0.005#总计;;1,,,,,,
EDG_Joncryl ECO 2177_1,Joncryl® ECO 2177 纸和纸板印刷的光油,,,9,,,Joncryl® ECO 2177;;0.5#Joncryl® 90 ap;;0.23#Joncryl® 8078;;0.2#Joncryl® WAX 26;;0.05#FoamStar® SI 2292;;0.003#水;;0.01#总计;;1,,,,,,
EDG_Joncryl FLX 5000_1,"Joncryl® FLX 5000 中等负荷薄膜油墨
",,,5,,,Joncryl® FLX 5000;;0.479#色浆;;0.46#润湿剂;;0.01#FoamStar® SI 2213;;0.006#Joncryl® WAX 4;;0.01#Hydropalat® SL 3682;;0#滑爽助剂;;0.03#总计;;1,,,,,,
EDG_Joncryl FLX 5002_1,Joncryl® FLX 5002 中低负荷薄膜印刷油墨,,,5,,,Joncryl® FLX 5002;;0.477#色浆;;0.46#润湿剂;;0.01#消泡剂;;0.008#Joncryl® WAX 4;;0.01#防反粘助剂;;0.005#滑爽助剂;;0.03#总计;;1,,,,,,
EDG_Joncryl FLX 5020_1,Joncryl® FLX 5020 中高负荷薄膜墨,,,5,,,色浆;;0.4#Joncryl® FLX 5020;;0.535#Rheovis® PU 1331;;0.004#Hydropalat® SL 3682;;0.006#润湿剂;;0.01#FoamStar® SI 2213;;0#Joncryl® WAX 35;;0.04#总计;;1,,,,,,
EDG_Joncryl FLX 5026_2,Joncryl® FLX 5026 OPP 和LDPE薄膜表印白墨,,,5,,,白色色浆;;0.4#Joncryl® FLX 5026;;0.53#正丙醇;;0.05#Hydropalat® SL 3682;;0.005#FoamStar® SI 2231;;0.01#Joncryl® WAX 4;;0#总计;;1,,,,,,
EDG_Joncryl FLX 5026_1,Joncryl® FLX 5026 OPP 和LDPE薄膜表印白色色浆,,,5,,,水;;0.17#润湿剂;;0.075#消泡剂;;0.005#TiO2;;0.75#总计;;1,,,,,,
EDG_Joncryl FLX 5040_1,"Joncryl® FLX 5040 通常要求的PE和PP无溶剂复合
复合油墨 – 色墨",,,5,,,Joncryl® FLX 5040;;0.566#色浆;;0.375#Joncryl® WAX 4;;0.003#FoamStar® SI 2213;;0.006#水;;0.05#总计;;1,,,,,,
EDG_Joncryl FLX 5040_2,"Joncryl® FLX 5040 通常要求的PE和PP无溶剂复合
复合油墨 – 白墨",,,5,,,Joncryl® FLX 5040;;0.541#白墨色浆;;0.4#Joncryl® WAX 4;;0.003#FoamStar® SI 2213;;0.006#水;;0.05#总计;;1,,,,,,
EDG_Joncryl 7256_1,Joncryl® 7256 色浆 – 蓝色,,,5,,,蓝色颜料;;40~45% #Joncry® HPD 196;;25~29% #FoamStar® ST 2250;;0.003#水;;30~35% #总计;;1,,,,,,
EDG_Joncryl 7256_2,Joncryl® 7256 色浆 – 红色,,,5,,,PR146;;40~45% #Joncry® HPD 196;;25~29% #FoamStar® ST 2250;;0.003#水;;30~35% #总计;;1,,,,,,
EDG_Joncryl 7256_3,Joncryl® 7256 色浆 – 黄色,,,5,,,PY14;;40~45% #Joncry® HPD 196;;25~29% #FoamStar® ST 2250;;0.003#水;;30~35% #总计;;1,,,,,,
EDG_Joncryl 7256_4,Joncryl® 7256 色浆 – 黑色,,,5,,,色浆 - 黑;;30~35% #Joncry® HPD 196;;26~30%#助分散剂;;2.2~2.6%#FoamStar® ST 2250;;0.003#水;;30~35% #总计;;1,,,,,,
EDG_Joncryl 7256_5,Joncryl® 7256 色浆 – 白色,,,5,,,二氧化钛;;60~70% #Joncry® HPD 196;;18~22%#Dispex® Ultra PX 4525;;1.0~1.2%#FoamStar® ST 2250;;0.003#水;;10~15% ,,,,,,
EDG_Joncryl 7256_6,Joncryl® 7256 油墨 – 蓝色,,,5,,,色浆 - 蓝;;30~35% #Joncryl® 7256;;50~60% #Hydropalat® WE3221;;~0.5% #Hydropalat® WE3650;;~0.5% #助分散剂;;~0.5% #Joncryl® WAX 35;;~3% #异丙醇 / 乙醇;;~3% #FoamStar® SI 2438;;0.1~0.3% #水;;~3% #总计;;1,,,,,,
EDG_Joncryl 7256_7,Joncryl® 7256 油墨 – 红色,,,5,,,色浆 - 红;;30~35% #Joncryl® 7256;;50~60% #Hydropalat® WE3221;;~0.5% #Hydropalat® WE3650;;~0.5% #助分散剂;;~0.5% #Joncryl® WAX 35;;~3% #异丙醇 / 乙醇;;~3% #FoamStar® SI 2438;;0.1~0.3% #水;;~3% #总计;;1,,,,,,
EDG_Joncryl 7256_8,Joncryl® 7256 油墨 – 黄色,,,5,,,色浆 - 黄;;30~35% #Joncryl® 7256;;50~60% #Hydropalat® WE3221;;~0.5% #Hydropalat® WE3650;;~0.5% #助分散剂;;~0.5% #Joncryl® WAX 35;;~3% #异丙醇 / 乙醇;;~3% #FoamStar® SI 2438;;0.1~0.3% #水;;~3% #总计;;1,,,,,,
EDG_Joncryl 7256_9,Joncryl® 7256 油墨 – 黑色,,,5,,,色浆 - 黑;;35~45% #Joncryl® 7256;;45~55% #Hydropalat® WE3221;;~0.5% #Hydropalat® WE3650;;~0.5% #助分散剂;;~0.5% #Joncryl® WAX 35;;~3% #异丙醇 / 乙醇;;~3% #FoamStar® SI 2438;;0.1~0.3% #水;;~3% #总计;;1,,,,,,
EDG_Joncryl 7256_10,Joncryl® 7256 油墨 – 白色,,,5,,,色浆 - 白;;40~50% #Joncryl® 7256;;40~50% #Hydropalat® WE3221;;~0.5% #Hydropalat® WE3650;;~0.5% #滑爽助剂;;~0.5% #Joncryl® WAX 35;;~3% #异丙醇 / 乙醇;;~3% #FoamStar® SI 2438;;0.1~0.3% #水;;~3% #总计;;1,,,,,,
EDG_Joncryl 7266_1,Joncryl® 7266 色浆,,,5,,,蓝色颜料 (15:3);;0.47#Joncryl® HPD 296;;0.282#EFKA® 2550;;0.003#水;;0.245#总计;;1,,,,,,
EDG_Joncryl 7266_2,Joncryl® 7266 油墨,,,5,,,Joncryl® 7266;;0.535#色浆;;0.36#Hydropalat® WE 3221;;0.003#Hydropalat® WE 3650;;0.005#Hydropalat® SL 3682;;0#Joncryl® WAX 35;;0.03#溶剂 (IPA:Water=1:1);;0.05#FoamStar® ST 2438;;0#总计;;1,,,,,,
EDG_Joncryl FLX 5201_1,Joncryl® FLX 5201 色墨 ,,,5,,,色浆;;0.375#Joncryl® FLX 5201;;0.528#FoamStar® SI 2213;;0.005#Joncryl® WAX 4;;0.002#IPA;;0.03#总计;;1,,,,,,
EDG_Joncryl FLX 5201_2,Joncryl® FLX 5201 白墨,,,5,,,色浆;;0.4#Joncryl® FLX 5201;;0.508#FoamStar® SI 2213;;0.005#Joncryl® WAX 4;;0.002#IPA;;0.03#总计;;1,,,,,,
EDG_Joncryl FLX 5220_1,Joncryl® FLX 5220 蓝墨,,,5,,,Joncryl® FLX 5220;;0.615#色浆 PB 15:3;;0.35#FoamStar® SI 2213;;0.005#IPA;;0.03#总计;;1,,,,,,
EDG_Joncryl FLX 5220_2,Joncryl® FLX 5220 白墨,,,5,,,Joncryl® FLX 5220;;0.565#色浆 PW 6;;0.4#FoamStar® SI 2213;;0.005#正丙醇;;0.03#总计;;1,,,,,,
EDG_Joncryl HRC 1661_1,Joncryl® HRC 1661 纸和纸板印刷的光油,,,9,,,Joncryl® 90 ap;;0.5#Joncryl® HRC1661;;0.23#Joncryl® 8078;;0.2#Joncryl® WAX 26;;0.05#FoamStar® SI 2292;;0.003#水;;0.01#总计;;1,,,,,,
EDG_Joncryl HSL 9010_1,Joncryl® HSL 9010 纸板泡罩和软包装水性热封涂层,,,3,,,Joncryl® HSL 9010;;0.77#Joncryl® 8085;;0.2#Hydropalat® WE 3475;;0.03#总计;;1,,,,,,
EDG_Joncryl HSL 9012_1,Joncryl® HSL 9012 药品泡罩包装热封涂层,,,3,,,Joncryl® HSL 9012;;93~94% #流平剂;;3~5% #蜡乳液;;1~2% #消泡剂;;0.005#总计;;1,,,,,,
EDG_Joncryl LV 7604_1,Joncryl® LV 7604 纸和纸板印刷的光油,,,9,,,Joncryl® LV 7601;;0.5#Joncryl® LV 7604;;0.23#Joncryl® 8078;;0.2#Joncryl® WAX 26;;0.05#FoamStar® SI 2292;;0.003#水;;0.01#总计;;1,,,,,,
EDG_Joncryl PDX-7339_1,Joncryl® PDX-7339 纸和纸板印刷的光油,,,9,,,Joncryl® PDX-7339;;0.5#Joncryl® 90 ap;;0.23#Joncryl® 8078;;0.2#Joncryl® WAX 26;;0.04#Hydropalat® SL 3682;;0#FoamStar® SI 2292;;0.003#水;;0.02#总计;;1,,,,,,
EDG_Joncryl 142 ap_1,Joncryl® 142 ap 中和溶液,,,5,,,Joncryl® 142 ap;;0.46#MEA;;0.02#水;;0.51#总计;;1,,,,,,
EDG_Joncryl 142 ap_2,Joncryl® 142 ap 瓦楞纸板和牛皮纸的柔版印刷油墨,,,5,,,色浆;;0.37#Joncryl® 142 ap 溶液;;0.54#PE 蜡乳液;;0.05#消泡剂;;0#水;;0.03#总计;;1,,,,,,
EDG_Joncryl 659_1,Joncryl® 659 中和溶液,,,5,,,Joncryl® 659;;0.266#MEA;;0.02#水;;0.714#总计;;1,,,,,,
EDG_Joncryl 661_1,Joncryl® 661 中和溶液,,,5,,,Joncryl® 661;;0.323#MEA;;0.02#水;;0.65#总计;;1,,,,,,
EDG_Joncryl 661_2,Joncryl® 661 瓦楞纸板和牛皮纸的柔版印刷油墨,,,5,,,色浆;;0.37#Joncryl® 661调墨;;0.5#PE 蜡乳液;;0.05#消泡剂;;0#水;;0.07#总计;;1,,,,,,
EDG_Joncryl 662_1,Joncryl® 662 中和溶液,,,5,,,Joncryl® 662;;0.3#MEA;;0.01#水;;0.68#总计;;1,,,,,,
EDG_Joncryl 662_2,Joncryl® 662 瓦楞纸板和牛皮纸基材油墨 ,,,5,,,色浆;;0.35#Joncryl® 662 溶液;;0.56#消泡剂;;0#PE 蜡乳液;;0.05#水;;0.03#总计;;1,,,,,,
EDG_Joncryl 668_1,Joncryl® 668 中和溶液,,,5,,,Joncryl® 668;;0.205#MEA;;0.01#水;;0.77#总计;;1,,,,,,
EDG_Joncryl 668_2,Joncryl® 668 瓦楞纸箱和牛皮纸印刷油墨,,,5,,,色浆;;0.37#Joncryl® 668 溶液;;0.54#PE 蜡乳液;;0.05#消泡剂;;0#水;;0.03#总计;;1,,,,,,
EDG_Joncryl HSL 703_1,Joncryl® HSL 703 纸和铝箔热封涂层,,,3,,,Joncryl® HSL 703;;0.89#水;;0.1#FoamStar® SI 2292;;0.005#Hydropalat® WE 3475;;0.005#总计;;1,,,,,,
EDG_Joncryl WAX 4_1,Joncryl® WAX 4 纸和纸板用耐摩擦油墨,,,5,,,Joncryl® 7607;;0.6#Joncryl® 77 ap;;0.13#Joncryl® 8078;;0.2#Joncryl® WAX 4;;0.015#Hydropalat® SL 3682;;0#FoamStar® SI 2292;;0.003#水;;0.04#总计;;1,,,,,,
EDG_Joncryl WAX 26_1,Joncryl® WAX 26 纸和纸板用耐摩擦油墨,,,5,,,Joncryl® 7301;;0.5#Joncryl® 90 ap;;0.23#Joncryl® 8078;;0.2#Joncryl® WAX 26;;0.04#Hydropalat® SL 3682;;0#FoamStar® SI 2292;;0.003#水;;0.02#总计;;1,,,,,,
EDG_Joncryl WAX 35_1,Joncryl® WAX 35 纸和纸板用耐摩擦油墨,,,5,,,Joncryl® 7131;;0.45#色浆;;0.38#Joncryl® 8078;;0.095#Joncryl® WAX 35;;0.05#Foamaster® MO 2190;;0.005#水;;0.02#总计;;1,,,,,,
EDG_Zinc Oxide Solution#1_1, Zinc Oxide Solution#1 纸和纸板的交联剂,,,5,,,Joncryl® 90 ap;;0.5#Joncryl® 77 ap;;0.23#Joncryl® 8078;;0.15#Joncryl® WAX 26;;0.05#FoamStar® SI 2292;;0.003#水;;0.05#Zinc Oxide Solution#1;;0.01#总计;;1,,,,,,
ED2_wood_1_clear base,水性木器透明底漆推荐配方及重点助剂,,,2,,,细粒径乳液;;0.8#去离子水;视乳液;0.05#FoamStar® ST 2437;消泡剂;0.003#Hydropalat® WE 3323;基材润湿;0.002#Hydropalat® WE 3220;润湿剂;0.002#二丙二醇丁醚（DPnB);成膜助剂;0.03#二丙二醇甲醚 (DPM);成膜助剂;0.01#硬脂酸钙乳液（50%）;;0.05#防腐剂;;0.002#Rheovis® PU 1191;10%水;1%~2%#去离子水;;调节#总计;;1,,,,,,
ED2_wood_2_clear coat,水性木器透明清漆体系推荐配方及重点助剂,,,2,,,细粒径乳液;;0.8#FoamStar® SI 2240;FoamStar® SI 2299 也可;0.002#FoamStar® SI 2292; 兼容性好;0.005#二丙二醇丁醚（DPnB);成膜助剂;0.027#二丙二醇甲醚 (DPM);成膜助剂;0.009#去离子水;;0.05#Hydropalat® WE 3220;润湿剂;0.003#Efka® SL 3258 / Efka® SL 3299;改性聚硅氧烷;0.002#Rheovis® PU 1191;流变助剂;1~2%#硬脂酸钙;;0.05#去离子水;;调节#总计;;1,,,,,,
ED2_wood_3_matt white,水性木器哑光白漆体系推荐配方及重点助剂,,,2,,,钛白粉;;21.7#Dispex® Ultra PX 4275;Dispex® Ultra PX 4290 / Dispex® Ultra PX 4575亦可;1.5#FoamStar® SI 2250;FoamStar® SI 2240 亦可;0.1#去离子水;;7.5#中高羟值丙烯酸乳液;;52.8#FoamStar® SI 2280;或 FoamStar® SI 2292;0.5#FoamStar® SI 2210;;0.3#消光粉;;1#二丙二醇甲醚 (DPM);;4#醇酯十二;;2#去离子水;;7#Hydropalat® WE 3221;;0.2#Hydropalat® WE 3229;;0.2#Efka® SL 3258;或 Efka® SL 3299;0.2#Rheovis® PU 1191;可与 Rheovis® PU 1291 搭配使用;1~2#去离子水;;调节#总计;;100#B组份：;;#固化剂;NCO:OH=1.4;12.4,,,,,,
ED2_wood_4_bright white,水性木器亮光白漆体系推荐配方及重点助剂,,,2,,,钛白粉;;0.18#Dispex® Ultra PX 4575;Dispex® Ultra PX 4290 / Dispex® Ultra PX 4275亦可;0.015#FoamStar® SI 2299;FoamStar® SI 2240 亦可;0.001#去离子水;;0.05#自交联丙烯酸乳液;如Joncryl® OH 8770 AP;0.5#协同硬树脂;;0.1#FoamStar® SI 2299;FoamStar® SI 2240 亦可;0.003#Efka® SL 3258;Efka® SL 3299 亦可;0.002#二丙二醇甲醚 (DPM);;0.04#Texanol;成膜助剂，伊士曼化学;0.02#去离子水;;0.03#Hydropalat® WE 3221;Hydropalat® WE 3229/Hydropalat® WE 3220;0.005#FoamStar® SI 2292;;0.006#Efka® SL 3258;或 Efka® SL 3299;0.002#Loxanol® MI 6840;石蜡乳液;0.025#Rheovis® PU 1331;;0.004#Rheovis® PU 1191;;0.002#去离子水;1.5;调节#总计;;1,,,,,,
ED2_industry_1_epoxy,水性工业漆环氧体系推荐配方及重点助剂,,,6,,,组分A;;#Hydropalat® WE 3323;润湿剂;1~4%#助溶剂;;4~8%#水性环氧固化剂;;5~10%#Rheovis® PU 1191;流变剂;0.005#触变增稠剂;喷涂;0.01#FoamStar® ST 2437;抑泡、快速消泡;0.005#锌粉;;0.6#组分B:;;0.04#水性环氧树脂;;0.2#去离子水;;调节#总计;;1,,,,,,
ED2_industry_2_alkyd,水性工业漆醇酸体系推荐配方及重点助剂,,,6,,,水性醇酸树脂;;0.4#DMEA;;0.02#Dispex® Ultra PX 4290;分散剂;0.003#Hydropalat® WE 3221;有机硅润湿剂;0.004#Attagel® 40;凹凸棒土;0.005#TiO2;;0.06#有机颜料;视颜色;0.04#助溶剂;;0.1#氨基树脂;;0.08#Efka® SL 3258;流平剂;0.001#去离子水;;调节#总计;;1,,,,,,
ED2_industry_3_acrylic,水性工业漆丙烯酸酯体系推荐配方及重点助剂,,,6,,,去离子水;;0.04#Dispex® CX 4320;疏水分散剂;0.003#Dispex® Ultra FA 4416;防浮色发花;0.2~0.4%#钛白粉;;0.1#FoamStar® MO 2134;抑泡;0.002#FoamStar® SI 2299;抑泡（高光）;或0.1%#pH 调节剂;;0.0015#丙烯酸乳液;;65~70%#成膜助剂;;6.5~7.0%#FoamStar® ST 2437;消泡速度;0.1~0.2%#Rheovis® PU 1191;流挂防沉;0.3~0.5%#其它颜色色浆;;5~10%#总计;;1,,,,,,
ED2_industry_4_2K plastic,水性 2K 塑胶漆体系推荐配方及重点助剂,,,6,,,中低羟值丙烯酸乳液;;0.325#高羟值丙烯酸乳液;;0.325#FoamStar® SI 2292;;0.006#FoamStar® SI 2299;;0.004#铝粉;;0.05#Dispex® Ultra FA 4425;铝粉分散;0.005#二丙二醇甲醚 (DPM);;0.035#Texanol;成膜助剂，伊士曼化学;0.015#Loxanol® CA 5290;;0.015#AMP 95;pH 调节;0.002#EVA 蜡;铝粉定向;0.03#HDPE 蜡;耐磨增滑;0.03#Hydropalat® WE 3220;;0.003#Hydropalat® WE 3323;;0.003#色浆;调色;0.02#Rheovis® PU 1191;可与Rheovis® PU 1291搭配使用;0.0025#去离子水;;调节#总计;;1#B组份:;;#固化剂;NCO:OH=1.4;0.105,,,,,,
ED2_industry_5_anticorrosive,水性轻防腐体系推荐配方1及重点助剂,,,6,,,去离子水;;0.06#Dispex® Ultra PX 4575;Dispex® Ultra PX 4290 亦可;0.003#Hydropalat® WE 3322;;0.001#FoamStar® SI 2250;FoamStar® SI 2240 亦可;0.001#钛白粉;;0.14#丙烯酸分散体;Joncryl® PRO 1522;0.7#去离子水;;0.0081#二丙二醇丁醚（DPnB);;0.037#Texanol;成膜助剂，伊士曼化学;0.021#丙二醇丁醚（PnB );;0.021#Hydropalat® WE 3323;;0.001#Rheovis® PU 1191(50%);;0.0019#防闪锈助剂;;0.005#总计;;1,,,,,,
ED2_industry_6_anticorrosive,水性轻防腐体系推荐配方2及重点助剂,,,6,,,钛白粉;;0.282#Attagel® 50;;0.004#Dispex® Ultra PX 4290;;0.008#Hydropalat® WE 3322;;0.002#去离子水;;0.097#PG;;0.0013#PM;;0.013#丙烯酸分散体;;0.545#FoamStar® SI 2240;;0.005#FoamStar® SI 2299;;0.005#Texanol;成膜助剂，伊士曼化学;0.0317#Rheovis® PU 1191;;0.001#总计;;1,,,,,,
ED2_industry_7_anticorrosive,水性轻防腐体系推荐配方3及重点助剂,,,6,,,丙烯酸分散体;Acronal® PRO 780;0.176#FoamStar® ST 2438;;0.002#Hydropalat® WE 3323;;0.004#去离子水;;0.068#Hydropalat® WE 3425;;0.001#氨水;;0.002#乙二醇丁醚;;0.024#防锈颜料;;0.108#滑石粉;;0.133#铁红;;0.099#Aerosil R 972;气硅，DEGUSSA;0.005#Loxanol® CA 5308;;0.024#丙烯酸分散体;Acronal® PRO 780;0.314#FoamStar® ST 2438;;0.001#防闪锈助剂;;0.005#氨水;;0.012#Rheovis® PU 1191（50%);;0.002#去离子水;;0.02#总计;;1,,,,,,
ED2_industry_8_anticorrosive,水性轻防腐体系推荐配方4及重点助剂,,,6,,,Dispex® Ultra PX 4575;;0.0156#钛白粉;;0.1946#FoamStar® SI 2240;;0.0014#去离子水;;0.0658#Hydropalat® WE 3650;;0.0006#OH 官能团丙烯酸分散体;;0.506#乙二醇丁醚;;0.022#二丙二醇丁醚（DPnB);;0.063#去离子水;;0.026#Rheovis® PU 1191;;0.0025#Rheovis® PU 1291;;0.0065#FoamStar® SI 2280;;0.004#Luwipal® 072;氨基树脂;0.072#乙二醇丁醚;;0.02#总计;;1,,,,,,
ED2_AS 1130_Auto 2K low temp,Rheovis® AS 1130 水性 2K 低温金属漆,,,10,,,40%PUD 树脂;;0.27#去离子水;;0.17#乙二醇丁醚;;0.03#10% DMEA;;0.057#非硅消泡剂;;0.02#有机硅润湿剂;;0.004#Rheovis® AS 1130;;0.025#去离子水;;0.175#乙二醇丁醚;;0.03#去离子水;;0.085#金属粉色浆;;0.107#B组分：;;#固化剂;;0.027#总计;;1,,,,,,
ED2_AS 1130_Auto OEM Al basecoat,Rheovis® AS 1130 水性 OEM 铝粉基础漆,,,10,,,水性 OEM 铝粉基础漆;;0.29#去离子水;;0.19#乙二醇丁醚;;0.035#10% DMEA;;0.045#Rheovis® AS 1130;;0.01#去离子水;;0.11#氨基树脂;;0.035#乙二醇丁醚;;0.033#去离子水;;0.14#铝粉色浆;;0.117#定向蜡;;0.05#总计;;1,,,,,,
1522-3,1522-3,,,6,,,研磨;;#去离子水;;5.5#Dispex® Ultra PX 4575;分散剂;0.25#Hydropalat® WE 3322;润湿剂;0.05#FoamStar® SI 2250;消泡剂;0.05#Kronos® 2190;钛白，康诺斯;10#调漆;;#Joncryl® PRO 1522 CN;聚合物;72#二丙二醇丁醚（DPnB）;成膜助剂;3#Texanol;成膜助剂，伊士曼化学;2#Propylene glycol n-butyl ether (PnB);成膜助剂;2#Hydropalat® WE 3322;润湿剂;0.1#Rheovis® PU 1291;流变改性剂( 1：1兑水稀释）;0.15#Halox® Flash-X3 150;防闪锈剂，HALOX;0.5#去离子水;;4.4#总量;;100,,,,,,
1522-6,1522-6,,,6,,,研磨;;#去离子水;;7.5#Dispex® Ultra PX 4575;分散剂;0.4#Hydropalat® WE 3322;润湿剂;0.05#FoamStar® SI 2250;消泡剂;0.05#Kronos® 2190;钛白，康诺斯;17#调漆;;#Joncryl® PRO 1522 CN;聚合物;66.7#二丙二醇丁醚（DPnB）;成膜助剂;3#Texanol;成膜助剂，伊士曼化学;2#Propylene glycol n-butyl ether (PnB);成膜助剂;2#Hydropalat® WE 3322;润湿剂;0.1#Rheovis® PU 1291;流变改性剂( 1：1兑水稀释）;0.1#Halox® Flash-X3 150;防闪锈剂，HALOX;0.5#去离子水;;0.6#总量;;100,,,,,,
1522-8,1522-8,,,6,,,研磨;;#去离子水;;7.5#Dispex® Ultra PX 4290;分散剂;0.4#Hydropalat® WE 3322;润湿剂;0.05#FoamStar® SI 2250;消泡剂;0.05#Chemours Ti- Pure® R 706;钛白，科慕;17#调漆;;#Joncryl® PRO 1522 CN;聚合物;66.7#二丙二醇丁醚（DPnB）;成膜助剂;3#Texanol;成膜助剂，伊士曼化学;2#Propylene glycol n-butyl ether (PnB);成膜助剂;2#Hydropalat® WE 3322;润湿剂;0.1#Rheovis® PU 1291;流变改性剂( 1：1兑水稀释）;0.1#Halox® Flash-X3 150;防闪锈剂，HALOX;0.5#去离子水;;0.6#总量;;100,,,,,,
1524-1,1524-1,,,6,,,研磨;;#Joncryl® PRO 1524;聚合物;20#Dispex® Ultra PX 4290;分散剂;1#Hydropalat® WE 3322;润湿剂;0.1#FoamStar® SI 2250;消泡剂;0.1#Kronos® 2190;钛白，康诺斯;10#调漆;;#AMP 95;pH 调节剂，陶氏;0.2#Asconium® 143(50% BCS溶液);防锈缓蚀剂，ASCOTEC;2#Joncryl® PRO 1524;聚合物;53#Ethylene glycol monobutyl ether(BCS);成膜助剂;4#Hydropalat® WE 3322;润湿剂;0.5#FoamStar® SI 2250;消泡剂;0.1#Rheovis® PU 1291;流变改性剂( 1：1兑水稀释）;0.1#Tinuvin® 5151;光稳定剂(50%BCS溶液);1.6#ASCOTRAN ® H10 ;防闪锈助剂，ASCOTEC;0.3#去离子水;;6.6,,,,,,
1524-2,1524-2,,,6,,,研磨;;#Joncryl® PRO 1524;聚合物;30#Dispex® Ultra PX 4290;分散剂;1.7#Hydropalat® WE 3322;润湿剂;0.16#FoamStar® SI 2250;消泡剂;0.2#Kronos® 2190;钛白，康诺斯;17#调漆;;#Joncryl® PRO 1524;聚合物;39.7#Ethylene glycol monobutyl ether(BCS);成膜助剂;5#Hydropalat® WE 3322;润湿剂;0.5#FoamStar® SI 2250;消泡剂;0.1#Tinuvin® 5151;光稳定剂(50%BCS溶液);1.6#ASCOTRAN ® H10 ;防闪锈助剂，ASCOTEC;0.3#去离子水;;3.74,,,,,,
780-2,780-2,,,6,,,研磨;;#去离子水;;5.7#Dispex® Ultra PX 4575;分散剂;0.5#Hydropalat® WE 3322;润湿剂;0.1#FoamStar® ST 2280;消泡剂;0.1#Kronos® 2190;钛白，康诺斯;17#调漆;;#Acronal® PRO 780;聚合物;60#DPnB;成膜助剂;2.2#PnB;成膜助剂;1.1#Propylene Glycol;成膜助剂;2#Hydropalat® WE 3322;润湿剂;0.5#Rheovis® PU 1291;流变改性剂( 1：1兑水稀释）;0.8#Tinuvin® 5151;光稳定剂（50%DPnB溶液）;1.6#Halox® Flash-X3 150;防闪锈剂，HALOX;0.5#FoamStar® SI 2280;消泡剂;0.2#去离子水;;7.7,,,,,,